query,perspective,document_id,relevance_score,reasoning,document_preview
What are the key financial risks facing Apple Inc.?,risk_analyst,Apple Inc._10K,1,idk,"
    Apple Inc. faces significant risks from international operations, including currency fluctuations
    and geopolitical tensions. Revenue growth has been driven by iPhone sales and services expans..."
regulatory compliance issues for Apple Inc.,risk_analyst,Apple Inc._10K,2,totally,"
    Apple Inc. faces significant risks from international operations, including currency fluctuations
    and geopolitical tensions. Revenue growth has been driven by iPhone sales and services expans..."
market competition threats to Apple Inc.,risk_analyst,Apple Inc._10K,3,,"
    Apple Inc. faces significant risks from international operations, including currency fluctuations
    and geopolitical tensions. Revenue growth has been driven by iPhone sales and services expans..."
liquidity and debt concerns for Apple Inc.,risk_analyst,Apple Inc._10K,2,,"
    Apple Inc. faces significant risks from international operations, including currency fluctuations
    and geopolitical tensions. Revenue growth has been driven by iPhone sales and services expans..."
operational risks in Apple Inc. business,risk_analyst,Apple Inc._10K,1,,"
    Apple Inc. faces significant risks from international operations, including currency fluctuations
    and geopolitical tensions. Revenue growth has been driven by iPhone sales and services expans..."
What growth opportunities does Apple Inc. have?,growth_analyst,Apple Inc._10K,0,,"
    Apple Inc. faces significant risks from international operations, including currency fluctuations
    and geopolitical tensions. Revenue growth has been driven by iPhone sales and services expans..."
revenue expansion strategies for Apple Inc.,growth_analyst,Apple Inc._10K,0,,"
    Apple Inc. faces significant risks from international operations, including currency fluctuations
    and geopolitical tensions. Revenue growth has been driven by iPhone sales and services expans..."
new market opportunities for Apple Inc.,growth_analyst,Apple Inc._10K,0,,"
    Apple Inc. faces significant risks from international operations, including currency fluctuations
    and geopolitical tensions. Revenue growth has been driven by iPhone sales and services expans..."
innovation and R&D investments at Apple Inc.,growth_analyst,Apple Inc._10K,0,,"
    Apple Inc. faces significant risks from international operations, including currency fluctuations
    and geopolitical tensions. Revenue growth has been driven by iPhone sales and services expans..."
acquisition and partnership opportunities for Apple Inc.,growth_analyst,Apple Inc._10K,0,,"
    Apple Inc. faces significant risks from international operations, including currency fluctuations
    and geopolitical tensions. Revenue growth has been driven by iPhone sales and services expans..."
How can Apple Inc. improve operational efficiency?,operations_analyst,Apple Inc._10K,0,,"
    Apple Inc. faces significant risks from international operations, including currency fluctuations
    and geopolitical tensions. Revenue growth has been driven by iPhone sales and services expans..."
cost reduction opportunities at Apple Inc.,operations_analyst,Apple Inc._10K,0,,"
    Apple Inc. faces significant risks from international operations, including currency fluctuations
    and geopolitical tensions. Revenue growth has been driven by iPhone sales and services expans..."
operational margin improvements for Apple Inc.,operations_analyst,Apple Inc._10K,0,,"
    Apple Inc. faces significant risks from international operations, including currency fluctuations
    and geopolitical tensions. Revenue growth has been driven by iPhone sales and services expans..."
supply chain optimization for Apple Inc.,operations_analyst,Apple Inc._10K,0,,"
    Apple Inc. faces significant risks from international operations, including currency fluctuations
    and geopolitical tensions. Revenue growth has been driven by iPhone sales and services expans..."
workforce productivity at Apple Inc.,operations_analyst,Apple Inc._10K,0,,"
    Apple Inc. faces significant risks from international operations, including currency fluctuations
    and geopolitical tensions. Revenue growth has been driven by iPhone sales and services expans..."
What compliance requirements does Apple Inc. face?,compliance_analyst,Apple Inc._10K,0,,"
    Apple Inc. faces significant risks from international operations, including currency fluctuations
    and geopolitical tensions. Revenue growth has been driven by iPhone sales and services expans..."
regulatory changes affecting Apple Inc.,compliance_analyst,Apple Inc._10K,0,,"
    Apple Inc. faces significant risks from international operations, including currency fluctuations
    and geopolitical tensions. Revenue growth has been driven by iPhone sales and services expans..."
governance and ethics issues at Apple Inc.,compliance_analyst,Apple Inc._10K,0,,"
    Apple Inc. faces significant risks from international operations, including currency fluctuations
    and geopolitical tensions. Revenue growth has been driven by iPhone sales and services expans..."
audit findings and compliance status for Apple Inc.,compliance_analyst,Apple Inc._10K,0,,"
    Apple Inc. faces significant risks from international operations, including currency fluctuations
    and geopolitical tensions. Revenue growth has been driven by iPhone sales and services expans..."
legal proceedings involving Apple Inc.,compliance_analyst,Apple Inc._10K,0,,"
    Apple Inc. faces significant risks from international operations, including currency fluctuations
    and geopolitical tensions. Revenue growth has been driven by iPhone sales and services expans..."
